{"frameRate":24,"isGlobal":0,"armature":[{"skin":[{"name":"","slot":[{"display":[{"uvs":[0,0.37407,1.00001,0.37407,0,0.99999,1.00001,0.99999,0.12266,0.48024,0.27688,0.69525,0.50943,0.76207,0.72643,0.68707,0.86699,0.49342,0.15477,0.56292,0.82182,0.58135,0.19653,0.58239],"width":106,"type":"mesh","vertices":[-59.14,-34.9,55.05,-34.26,-50.95,34.58,55.05,34.58,-37.64,-24.98,-24.23,2.67,3.05,8.41,26.05,0.16,41.35,-22.82,-39.52,-26.41,37.48,-11.47,-31.06,-9.91],"transform":{"y":0.461,"x":-18.2815,"skX":90,"scY":0.93,"skY":90,"scX":0.93},"edges":[0,1,1,3,3,2,2,0],"path":"mouth/mouth_skinx","triangles":[4,8,1,0,4,1,7,6,3,6,2,3,10,7,3,1,8,3,8,10,3,11,7,10,11,10,8,4,11,8,11,6,7,11,5,6,5,2,6,4,9,11,11,9,5,9,2,5,4,0,9,0,2,9],"userEdges":[],"height":110,"name":"mouth/mouth_skinx"}],"name":"mouth_skinx"},{"display":[{"uvs":[0,0.6641,1.00001,0.6641,0,0.99999,1.00001,0.99999],"width":106,"type":"mesh","vertices":[-53,18.05,53,18.05,-53,55,53,55],"transform":{"y":2.49,"x":1.78,"skX":90,"scY":0.95,"skY":90,"scX":0.95},"edges":[0,1,1,3,3,2,2,0],"path":"mouth/mouth_yy","triangles":[1,0,3,0,2,3],"userEdges":[],"height":110,"name":"mouth/mouth_yy"}],"name":"mouth_yy"},{"display":[{"uvs":[0,0.39818,1.00001,0.39818,0,0.99999,1.00001,0.99999,0.48541,0.39818,0.50334,0.99999,0.13146,0.39818,0.86372,0.39818,0.86636,0.99999,0.12256,0.46344,0.18728,0.55945,0.26392,0.61152,0.35519,0.6607,0.43491,0.68207,0.48896,0.68934,0.5643,0.68571,0.65735,0.6557,0.74413,0.61434,0.80143,0.55934,0.86267,0.48433,0.49594,0.80526,0.2811,0.74115,0.16854,0.59935,0.72786,0.7207,0.83976,0.59025,0.19873,0.39818,0.15118,0.99999,0.27521,0.99999,0.26005,0.39818,0.35221,0.39818,0.4278,0.39818,0.55148,0.39818,0.65113,0.39818,0.73862,0.39818,0.73125,0.99999,0.80135,0.39818,0.16226,0.51456,0.12946,0.5447,0.87412,0.5316,0.22522,0.58646],"width":106,"type":"mesh","vertices":[-52.93,-23.17,53.07,-23.17,-53.05,43.03,52.95,43.03,-0.58,-23.17,-0.1,43.03,-39.98,-23.17,38.62,-23.17,38.3,43.03,-38.59,-16.17,-32.11,-4.38,-25.24,0.96,-15.54,5.71,-6.94,8.06,-0.44,8.86,6.76,8.46,16.61,5.16,25.86,0.61,31.96,-5.44,37.94,-14.65,-0.24,21.61,-22.94,14.56,-35.02,0.66,24.06,12.31,36.01,-2.04,-31.68,-23.17,-37.15,43.03,-24.1,43.03,-25.03,-23.17,-15.03,-23.17,-6.83,-23.17,6.27,-23.17,15.77,-23.17,25.57,-23.17,24,43.03,31.97,-23.17,-34.67,-11.55,-38.94,-7.62,39.64,-9.11,-29.07,-0.91],"transform":{"y":2.453,"x":-9.8373,"skX":90.0184,"scY":0.95,"skY":90.0184,"scX":0.95},"edges":[1,3,2,0,0,6,7,1,3,8,6,25,27,26,28,29,29,30,30,4,4,31,31,32,32,33,35,7,25,28,33,35,26,2,5,27,34,5,8,34],"path":"mouth/mouth_x","triangles":[7,19,1,19,38,1,23,8,3,24,23,3,38,24,3,1,38,3,17,23,24,19,18,38,18,24,38,35,19,7,23,34,8,35,18,19,33,18,35,18,17,24,23,20,34,33,32,18,32,17,18,32,31,16,15,20,23,16,23,17,32,16,17,20,5,34,16,15,23,4,14,31,31,14,15,31,15,16,12,13,30,30,13,4,4,13,14,14,20,15,29,11,12,29,12,30,21,27,20,13,20,14,20,27,5,13,21,20,12,21,13,10,39,28,36,10,28,21,26,27,39,11,29,28,39,29,11,21,12,25,36,28,22,2,21,2,26,21,11,22,21,39,22,11,9,36,25,10,22,39,37,2,22,6,9,25,36,37,10,37,22,10,9,37,36,0,2,37,6,0,9,0,37,9],"userEdges":[],"height":110,"name":"mouth/mouth_x"}],"name":"mouth_x"},{"display":[{"uvs":[0,0.3123,1.00001,0.3123,0,0.58728,1.00001,0.58728,0.49342,0.3123,0.49811,0.58728,0.50048,0.46021,0.07627,0.58728,0.07957,0.3123,0.9085,0.3123,0.90094,0.58728,0.08585,0.4575,0.17359,0.47115,0.27407,0.44931,0.3599,0.43385,0.44388,0.44748,0.9055,0.47667,0.8023,0.47614,0.70632,0.44906,0.63165,0.42976,0.55898,0.44703,0.44463,0.3123,0.44623,0.58728,0.35867,0.3123,0.36276,0.58728,0.27247,0.3123,0.2684,0.58728,0.54908,0.3123,0.56327,0.58728,0.62786,0.3123,0.63243,0.58728,0.7052,0.3123,0.70674,0.58728,0.79955,0.3123,0.7994,0.58728,0.17327,0.58728,0.1749,0.3123,0.17425,0.42159,0.27316,0.39068,0.35959,0.35888,0.44419,0.35161,0.49791,0.3625,0.55405,0.35603,0.6303,0.36439,0.70621,0.40199,0.80265,0.43078],"width":106,"type":"mesh","vertices":[-51.53,-9.45,53.57,-15.41,-52.56,14.84,53.44,14.84,-0.13,-15.41,0.24,14.84,0.49,0.86,-43.71,14.84,-43.42,-13.01,43.87,-15.41,43.74,14.84,-40,0.27,-34.14,1.02,-23.51,-0.34,-14.41,-2.04,-5.51,-0.54,40.61,1.9,32.74,1.41,22.54,-0.59,14.44,-1.94,6.69,-0.59,-5.33,-15.41,-5.66,14.84,-14.48,-15.41,-14.11,14.84,-23.68,-15.41,-23.26,14.84,6.42,-15.41,7.29,14.84,14.12,-15.41,14.74,14.84,22.32,-15.41,22.74,14.84,32.32,-15.41,32.84,14.84,-34.21,14.84,-35.56,-16.29,-36.17,-2.47,-23.61,-6.79,-14.41,-10.28,-5.41,-11.08,0.29,-9.88,6.69,-10.58,14.34,-9.43,22.49,-5.69,32.74,-2.09],"transform":{"y":2.0576,"x":7.012,"skX":90,"skY":90},"edges":[1,3,2,0,7,2,0,8,9,1,3,10,21,4,5,22,23,21,22,24,4,27,28,5,27,29,30,28,29,31,32,30,33,9,10,34,26,35,35,7,8,36,36,25,25,23,24,26,31,33,34,32],"path":"mouth/mouth_s","triangles":[9,16,1,1,16,3,16,10,3,45,17,16,45,16,9,33,45,9,16,17,10,17,34,10,31,44,33,32,34,17,18,32,17,33,44,45,18,17,45,44,18,45,44,19,18,19,30,18,18,30,32,43,44,31,29,43,31,43,19,44,42,20,19,19,20,30,20,28,30,42,19,43,29,42,43,27,42,29,41,6,20,41,20,42,20,6,28,6,5,28,27,41,42,4,41,27,21,40,4,4,40,41,40,15,41,41,15,6,22,5,6,15,22,6,14,24,15,14,15,40,39,14,40,21,23,40,23,39,40,15,24,22,25,39,23,39,38,14,14,13,24,13,26,24,25,38,39,38,13,14,36,37,38,36,38,25,38,37,13,37,12,13,13,12,26,12,35,26,11,7,12,12,7,35,36,8,37,8,11,37,11,12,37,8,0,11,2,7,11,0,2,11],"userEdges":[],"height":110,"name":"mouth/mouth_s"}],"name":"mouth_s"},{"display":[{"uvs":[0,0.18182,1.00001,0.18182,0,0.81818,1.00001,0.81818],"width":106,"type":"mesh","vertices":[-53,-35,53,-35,-53,35,53,35],"transform":{"y":2.4949,"x":1.7828,"skX":90,"skY":90},"edges":[0,1,1,3,3,2,2,0],"path":"mouth/mouth_kq","triangles":[1,0,3,0,2,3],"userEdges":[],"height":110,"name":"mouth/mouth_kq"}],"name":"mouth_kq"},{"display":[{"uvs":[0,0.18182,1.00001,0.18182,0,0.81818,1.00001,0.81818],"width":106,"type":"mesh","vertices":[-53,-35,53,-35,-53,35,53,35],"transform":{"y":2.4949,"x":1.7828,"skX":90,"skY":90},"edges":[0,1,1,3,3,2,2,0],"path":"mouth/mouth_yc","triangles":[1,0,3,0,2,3],"userEdges":[],"height":110,"name":"mouth/mouth_yc"}],"name":"mouth_yc"},{"display":[{"uvs":[0,0.19545,1.00001,0.19545,0,0.57135,1.00001,0.57135,0.11179,0.4525,0.35377,0.39752,0.50564,0.37978,0.66085,0.40888,0.86557,0.47115,0.2416,0.44157,0.75946,0.44339,0.17391,0.4435,0.70182,0.42288,0.81591,0.45813],"width":106,"type":"mesh","vertices":[-53.35,-16.16,52.65,-16.16,-52.41,14.11,53.12,18.2,-46.42,9.89,-15.4,3.24,0.72,3.43,16.7,7.27,38.39,13.37,-24.43,9.49,27.35,10.58,-33.98,12.18,21.84,8.05,34.8,13.38],"transform":{"y":2.8534,"x":19.0773,"skX":90,"skY":90},"edges":[0,1,1,3,3,2,2,0],"path":"mouth/mouth_skins","triangles":[7,9,12,12,9,10,9,2,10,6,7,1,0,6,1,10,13,1,12,10,1,13,8,1,7,12,1,13,10,3,10,2,3,8,13,3,1,8,3,6,5,7,5,9,7,0,5,6,11,2,9,0,11,9,0,9,5,0,4,11,4,2,11,0,2,4],"userEdges":[],"height":110,"name":"mouth/mouth_skins"}],"name":"mouth_skins"}]}],"type":"Armature","frameRate":24,"slot":[{"name":"mouth_kq","parent":"mouthp","color":{}},{"z":1,"name":"mouth_yc","parent":"mouthp","color":{}},{"z":2,"name":"mouth_skins","parent":"mouthp","color":{}},{"z":3,"name":"mouth_skinx","parent":"mouthp","color":{}},{"z":4,"name":"mouth_yy","parent":"mouthp","color":{}},{"z":5,"name":"mouth_x","parent":"mouthp","color":{}},{"z":6,"name":"mouth_s","parent":"mouthp","color":{}}],"bone":[{"name":"root","transform":{}},{"transform":{"skX":-91,"skY":-91},"name":"mouthp","parent":"root"}],"aabb":{"width":107.84432504829189,"y":-74.1242082397792,"height":147.3948503493093,"x":-52.22000651817776},"ik":[],"name":"mouthPlug","animation":[{"playTimes":0,"frame":[],"ffd":[{"frame":[{"tweenEasing":0,"offset":20,"duration":32,"vertices":[0.2,0.2,0.44,0.61,0,0,-0.55,0.24]},{"tweenEasing":null,"offset":4,"duration":0,"vertices":[0.72,-6.59,0.21,-11.85,2.43,-10.56,0,0,0,0,-0.47,-1.66,0.77,-9.84,0.08,-4.4,1.24,-5.43,0.97,-6.83,-0.54,-3.31,-0.09,-9.1]}],"scale":1,"slot":"mouth_skins","skin":"","offset":0,"name":"mouth/mouth_skins"},{"frame":[{"tweenEasing":0,"offset":0,"duration":32,"vertices":[]},{"tweenEasing":null,"offset":0,"duration":0,