{"frameRate":24,"isGlobal":0,"armature":[{"ik":[],"skin":[{"name":"","slot":[{"display":[{"userEdges":[],"width":106,"type":"mesh","vertices":[-50.71,-5.81,53.46,-15.44,-51.05,13.65,53.33,14.82,-0.24,-15.44,0.13,14.82,0.38,0.83,-44.03,15.12,-43.39,-15.54,43.76,-15.44,43.63,14.82,-40.15,-0.85,-34.25,0.99,-23.62,-0.37,-14.52,-2.07,-5.62,-0.57,41.53,0.7,32.63,1.38,22.43,-0.62,14.33,-1.97,6.58,-0.62,-5.44,-15.44,-5.77,14.82,-14.59,-15.44,-14.22,14.82,-23.79,-15.44,-23.37,14.82,6.31,-15.44,7.18,14.82,14.01,-15.44,14.63,14.82,22.21,-15.44,22.63,14.82,32.21,-15.44,32.73,14.82,-35.03,12.56,-34.52,-13.79,-34.2,-4.46,-23.72,-6.82,-14.52,-10.31,-5.52,-11.1,0.18,-9.91,6.58,-10.6,14.23,-9.46,22.38,-5.72,32.63,-2.12],"transform":{"y":2.1198,"skX":90,"x":6.5893,"skY":90},"height":110,"path":"mouth/mouth_s","triangles":[9,16,1,1,16,3,16,10,3,45,17,16,45,16,9,33,45,9,16,17,10,17,34,10,31,44,33,32,34,17,18,32,17,33,44,45,18,17,45,44,18,45,44,19,18,19,30,18,18,30,32,43,44,31,29,43,31,43,19,44,42,20,19,19,20,30,20,28,30,42,19,43,29,42,43,27,42,29,41,6,20,41,20,42,20,6,28,6,5,28,27,41,42,4,41,27,21,40,4,4,40,41,40,15,41,41,15,6,22,5,6,15,22,6,14,24,15,14,15,40,39,14,40,21,23,40,23,39,40,15,24,22,25,39,23,39,38,14,14,13,24,13,26,24,25,38,39,38,13,14,36,37,38,36,38,25,38,37,13,37,12,13,13,12,26,12,35,26,11,7,12,12,7,35,36,8,37,8,11,37,11,12,37,8,0,11,2,7,11,0,2,11],"uvs":[0,0.3123,1.00001,0.3123,0,0.58728,1.00001,0.58728,0.49342,0.3123,0.49811,0.58728,0.50048,0.46021,0.07627,0.58728,0.07957,0.3123,0.9085,0.3123,0.90094,0.58728,0.08585,0.4575,0.17359,0.47115,0.27407,0.44931,0.3599,0.43385,0.44388,0.44748,0.9055,0.47667,0.8023,0.47614,0.70632,0.44906,0.63165,0.42976,0.55898,0.44703,0.44463,0.3123,0.44623,0.58728,0.35867,0.3123,0.36276,0.58728,0.27247,0.3123,0.2684,0.58728,0.54908,0.3123,0.56327,0.58728,0.62786,0.3123,0.63243,0.58728,0.7052,0.3123,0.70674,0.58728,0.79955,0.3123,0.7994,0.58728,0.17327,0.58728,0.1749,0.3123,0.17425,0.42159,0.27316,0.39068,0.35959,0.35888,0.44419,0.35161,0.49791,0.3625,0.55405,0.35603,0.6303,0.36439,0.70621,0.40199,0.80265,0.43078],"name":"mouth/mouth_s","edges":[1,3,2,0,7,2,0,8,9,1,3,10,21,4,5,22,23,21,22,24,4,27,28,5,27,29,30,28,29,31,32,30,33,9,10,34,26,35,35,7,8,36,36,25,25,23,24,26,31,33,34,32]}],"name":"mouth_s"},{"display":[{"userEdges":[],"width":106,"type":"mesh","vertices":[-49.49,-23.06,52.86,-23.12,-51.11,43.11,52.74,43.08,-0.79,-23.12,-0.31,43.08,-41.8,-24.3,38.41,-23.12,38.09,43.08,-38.48,-17.83,-31.15,-5.58,-25.2,1.46,-15.75,5.76,-7.15,8.11,-0.65,8.91,6.55,8.51,16.4,5.21,25.95,0.37,31.71,-6.34,38.35,-15.54,-0.66,25,-23.85,14.54,-34.81,-0.39,23.85,12.36,35.8,-1.99,-31.89,-23.12,-37.36,43.08,-24.31,43.08,-25.24,-23.12,-15.24,-23.12,-7.04,-23.12,6.06,-23.12,15.56,-23.12,25.36,-23.12,23.79,43.08,31.76,-23.12,-34.7,-10.3,-38.9,-7.57,39.48,-8.86],"transform":{"y":2.6884,"skX":90.0184,"x":-9.6475,"skY":90.0184,"scX":0.95,"scY":0.95},"height":110,"path":"mouth/mouth_x","triangles":[19,38,1,7,19,1,23,8,3,24,23,3,38,24,3,1,38,3,17,23,24,23,34,8,7,35,19,19,18,38,18,24,38,35,18,19,33,18,35,18,17,24,20,34,23,32,17,18,33,32,18,31,16,32,20,5,34,15,20,23,16,23,17,32,16,17,16,15,23,4,14,31,31,14,15,31,15,16,12,13,30,30,13,4,4,13,14,14,20,15,29,12,30,21,27,20,13,20,14,20,27,5,11,12,29,13,21,20,10,11,29,12,21,13,26,27,21,11,21,12,28,10,29,36,10,28,25,36,28,22,2,21,2,26,21,11,22,21,10,22,11,37,2,22,9,36,25,6,9,25,37,22,10,36,37,10,0,2,37,9,37,36,6,0,9,0,37,9],"uvs":[0,0.39818,1.00001,0.39818,0,0.99999,1.00001,0.99999,0.48541,0.39818,0.50334,0.99999,0.13146,0.39818,0.86372,0.39818,0.86636,0.99999,0.12256,0.46344,0.19847,0.55752,0.26392,0.62162,0.35519,0.6607,0.43491,0.68207,0.48896,0.68934,0.5643,0.68571,0.65735,0.6557,0.74413,0.61434,0.80143,0.55934,0.86267,0.48433,0.49594,0.80526,0.2811,0.74115,0.16854,0.59935,0.72786,0.7207,0.83976,0.59025,0.19873,0.39818,0.15118,0.99999,0.27521,0.99999,0.26005,0.39818,0.35221,0.39818,0.4278,0.39818,0.55148,0.39818,0.65113,0.39818,0.73862,0.39818,0.73125,0.99999,0.80135,0.39818,0.16226,0.51456,0.12946,0.5447,0.87412,0.5316],"name":"mouth/mouth_x","edges":[1,3,2,0,0,6,7,1,3,8,6,25,27,26,28,29,29,30,30,4,4,31,31,32,32,33,35,7,25,28,33,35,26,2,5,27,34,5,8,34]}],"name":"mouth_x"},{"display":[{"userEdges":[],"width":106,"type":"mesh","vertices":[-53,18.05,53,18.05,-53,55,53,55],"transform":{"y":2.49,"skX":90,"x":1.78,"skY":90,"scX":0.9,"scY":0.9},"height":110,"path":"mouth/mouth_yy","triangles":[1,0,3,0,2,3],"uvs":[0,0.6641,1.00001,0.6641,0,0.99999,1.00001,0.99999],"name":"mouth/mouth_yy","edges":[0,1,1,3,3,2,2,0]}],"name":"mouth_yy"},{"display":[{"userEdges":[],"width":106,"type":"mesh","vertices":[-59.14,-34.9,55.05,-34.26,-50.95,34.58,55.05,34.58,-36.3,-23.29,-22.15,1.06,3.05,8.41,26.05,0.16,41.15,-22.82,-39.52,-26.41,36.73,-11.48,-30.81,-12.51],"transform":{"y":0.9304,"skX":90,"x":-18.1414,"skY":90,"scX":0.95,"scY":0.95},"height":110,"path":"mouth/mouth_skinx","triangles":[4,8,1,0,4,1,7,6,3,6,2,3,10,7,3,1,8,3,8,10,3,11,7,10,11,10,8,4,11,8,11,6,7,11,5,6,5,2,6,4,9,11,11,9,5,9,2,5,4,0,9,0,2,9],"uvs":[0,0.37407,1.00001,0.37407,0,0.99999,1.00001,0.99999,0.12266,0.48024,0.27688,0.69525,0.50943,0.76207,0.72643,0.68707,0.86699,0.49342,0.15477,0.56292,0.82182,0.58135,0.19653,0.58239],"name":"mouth/mouth_skinx","edges":[0,1,1,3,3,2,2,0]}],"name":"mouth_skinx"},{"display":[{"userEdges":[],"width":106,"type":"mesh","vertices":[-52.95,-19.99,53.05,-19.99,-55.75,21.87,55.66,18.11,-46.02,6.06,-16.1,2.19,0.8,0.99,17.1,3.44,39.69,9.26,-24.86,4.59,27.44,7.64,-42.77,8.09,22.18,5.22,35.61,9.26],"transform":{"y":2.444,"skX":89.9589,"x":15.2463,"skY":89.9589},"height":110,"path":"mouth/mouth_skins","triangles":[7,9,12,12,9,10,9,2,10,6,7,1,0,6,1,10,13,1,12,10,1,13,8,1,7,12,1,13,10,3,10,2,3,8,13,3,1,8,3,6,5,7,5,9,7,0,5,6,11,2,9,0,11,9,0,9,5,0,4,11,4,2,11,0,2,4],"uvs":[0,0.19545,1.00001,0.19545,0,0.57135,1.00001,0.57135,0.11179,0.4525,0.35377,0.39752,0.50564,0.37978,0.66085,0.40888,0.86557,0.47115,0.2416,0.44157,0.75946,0.44339,0.17391,0.4435,0.70182,0.42288,0.81591,0.45813],"name":"mouth/mouth_skins","edges":[0,1,1,3,3,2,2,0]}],"name":"mouth_skins"},{"display":[{"userEdges":[],"width":106,"type":"mesh","vertices":[-53,-35,53,-35,-53,35,53,35],"transform":{"y":2.4949,"skX":90,"x":1.7828,"skY":90},"height":110,"path":"mouth/mouth_yc","triangles":[1,0,3,0,2,3],"uvs":[0,0.18182,1.00001,0.18182,0,0.81818,1.00001,0.81818],"name":"mouth/mouth_yc","edges":[0,1,1,3,3,2,2,0]}],"name":"mouth_yc"},{"display":[{"userEdges":[],"width":106,"type":"mesh","vertices":[-53,-35,53,-35,-53,35,53,35],"transform":{"y":2.4949,"skX":90,"x":1.7828,"skY":90},"height":110,"path":"mouth/mouth_kq","triangles":[1,0,3,0,2,3],"uvs":[0,0.18182,1.00001,0.18182,0,0.81818,1.00001,0.81818],"name":"mouth/mouth_kq","edges":[0,1,1,3,3,2,2,0]}],"name":"mouth_kq"}]}],"type":"Armature","frameRate":24,"slot":[{"name":"mouth_kq","parent":"mouthp","color":{}},{"z":1,"name":"mouth_yc","parent":"mouthp","color":{}},{"z":2,"name":"mouth_skins","parent":"mouthp","color":{}},{"z":3,"name":"mouth_skinx","parent":"mouthp","color":{}},{"z":4,"name":"mouth_yy","parent":"mouthp","color":{}},{"z":5,"name":"mouth_x","parent":"mouthp","color":{}},{"z":6,"name":"mouth_s","parent":"mouthp","color":{}}],"bone":[{"name":"root","transform":{}},{"transform":{"skX":-91,"skY":-91},"name":"mouthp","parent":"root"}],"aabb":{"width":107.60949074077251,"y":-70.2866209777469,"height":143.4090647808718,"x":-51.753149143372404},"defaultActions":[{"gotoAndPlay":"empty"}],"name":"mouthPlug","animation":[{"playTimes":0,"ik":[],"frame":[],"ffd":[],"duration":0,"slot":[],"bone":[{"frame":[{"duration":0,"transform":{}}],"name":"root"},{"frame":[{"duration":0,"transform":{}}],"name":"mouthp"}],"name":"empty"},{"playTimes":0,"ik":[],"frame":[],"ffd":[{"frame":[{"tweenEasing":0,"offset":18,"duration":14,"vertices":[-0.06,0.28,0,0,0,0,0,0,0,0,0,0,0,0,0,0,0,0,0,0,-0.15,-0.05,0,0,0,0,0.48,-0.41,0,0,0,0,0,0,0,0,0,0,0,0,0,0,0,0,0,0,0,0,0,0,0,0,0,0,0,0,0.48,-0.2,0,0,0,0,0,0,0,0,0,0,0,0,0,0,0,0]},{"tweenEasing":0,"offset":0,